{
  "train_loss": [
    0.1712179543286562,
    0.060358482225363455,
    0.04367076032838474,
    0.03633524863378455,
    0.030268514489475637,
    0.016240106697089505,
    0.015209103573944109,
    0.011412863770616241,
    0.010339471406064695,
    0.009834811635077738
  ],
  "train_acc": [
    0.9474,
    0.9818,
    0.9868666666666667,
    0.98845,
    0.9903,
    0.9952333333333333,
    0.9950333333333333,
    0.9960666666666667,
    0.99675,
    0.9968833333333333
  ],
  "test_loss": [
    0.04394478238986339,
    0.030961918284697458,
    0.02614194527816726,
    0.024502816147508565,
    0.024915498921076504,
    0.021640246387468413,
    0.018149024924624065,
    0.021782195354240412,
    0.019861183331481333,
    0.022534329873325123
  ],
  "test_acc": [
    0.9854,
    0.9886,
    0.9913,
    0.9912,
    0.9912,
    0.9932,
    0.9943,
    0.9935,
    0.9938,
    0.9931
  ]
}